{"_type":"export","__export_format":4,"__export_date":"2023-05-31T20:35:49.887Z","__export_source":"insomnia.desktop.app:v2023.2.2","resources":[{"_id":"req_f1c3d892ffee489b8a3e1d7610bff48d","parentId":"wrk_22b950928aa4414a8d32aedaaca7e251","modified":1685564276685,"created":1685560531403,"url":"{{ _.urlBase }}/Produto","name":"Deletar","description":"","method":"DELETE","body":{},"parameters":[],"headers":[],"authentication":{},"metaSortKey":-1685560531403,"isPrivate":false,"settingStoreCookies":true,"settingSendCookies":true,"settingDisableRenderRequestBody":false,"settingEncodeUrl":true,"settingRebuildPath":true,"settingFollowRedirects":"global","_type":"request"},{"_id":"wrk_22b950928aa4414a8d32aedaaca7e251","parentId":null,"modified":1685560031030,"created":1685560031030,"name":"loja produtos","description":"","scope":"collection","_type":"workspace"},{"_id":"req_9bdceae939f64b6d8f5f973fad2ca457","parentId":"wrk_22b950928aa4414a8d32aedaaca7e251","modified":1685564452709,"created":1685560518324,"url":"{{ _.urlBase }}/Produto","name":"Editar","description":"","method":"PUT","body":{"mimeType":"application/json","text":"{\n\t\"sku\": 1234002,\n\t\t\"preco\": 16.4,\n\t\t\"tamanho\": \"G\",\n\t\t\"cor\": \"preto\",\n\t\t\"tipoderoupa\": \"Casaco\"\n}"},"parameters":[],"headers":[{"name":"Content-Type","value":"application/json"}],"authentication":{},"metaSortKey":-1685560518324,"isPrivate":false,"settingStoreCookies":true,"settingSendCookies":true,"settingDisableRenderRequestBody":false,"settingEncodeUrl":true,"settingRebuildPath":true,"settingFollowRedirects":"global","_type":"request"},{"_id":"req_f93af591017544f684c3428526289743","parentId":"wrk_22b950928aa4414a8d32aedaaca7e251","modified":1685564406310,"created":1685560491436,"url":"{{ _.urlBase }}/Produto","name":"Cadastrar","description":"","method":"POST","body":{"mimeType":"application/json","text":"{\n\t\"sku\": 1234002,\n\t\"preco\": 16.40,\n\t\"tamanho\": \"M\",\n\t\"cor\": \"preto\",\n\t\"tipoderoupa\": \"Casaco\"\n}\n\n\t\n"},"parameters":[],"headers":[{"name":"Content-Type","value":"application/json"}],"authentication":{},"metaSortKey":-1685560491436,"isPrivate":false,"settingStoreCookies":true,"settingSendCookies":true,"settingDisableRenderRequestBody":false,"settingEncodeUrl":true,"settingRebuildPath":true,"settingFollowRedirects":"global","_type":"request"},{"_id":"req_c36e37eb1baa44ad9a73f5641649919a","parentId":"wrk_22b950928aa4414a8d32aedaaca7e251","modified":1685563283487,"created":1685560445661,"url":"{{ _.urlBase }}/Produto","name":"Listar","description":"","method":"GET","body":{},"parameters":[],"headers":[],"authentication":{},"metaSortKey":-1685560445661,"isPrivate":false,"settingStoreCookies":true,"settingSendCookies":true,"settingDisableRenderRequestBody":false,"settingEncodeUrl":true,"settingRebuildPath":true,"settingFollowRedirects":"global","_type":"request"},{"_id":"env_e3bfefe927ce4d77aec937090a30f01ce0a7a760","parentId":"wrk_22b950928aa4414a8d32aedaaca7e251","modified":1685562164844,"created":1685560031054,"name":"Base Environment","data":{"urlBase":"http://localhost:8080/api"},"dataPropertyOrder":{"&":["urlBase"]},"color":null,"isPrivate":false,"metaSortKey":1685560031054,"_type":"environment"},{"_id":"jar_e3bfefe927ce4d77aec937090a30f01ce0a7a760","parentId":"wrk_22b950928aa4414a8d32aedaaca7e251","modified":1685560031058,"created":1685560031058,"name":"Default Jar","cookies":[],"_type":"cookie_jar"},{"_id":"spc_f89d04d1e9a64e6d8669302f102fe5c7","parentId":"wrk_22b950928aa4414a8d32aedaaca7e251","modified":1685560031031,"created":1685560031031,"fileName":"loja produtos","contents":"","contentType":"yaml","_type":"api_spec"}]}